id,type
50083860    ,human
43394391    ,human
81081722    ,human
24606439    ,human
124326872    ,human
19671129    ,human
878918731    ,human
46875124    ,human
113598631    ,human
119635653    ,human
494592549    ,human
115682368    ,human
293482180    ,human
2183987364    ,human
119691332    ,human
133349047    ,human
3619961    ,human
57841792    ,human
26755061    ,human
1689167635    ,human
69320336    ,human
148516500    ,human
33586484    ,human
1163807010    ,human
132385468    ,human
112057739    ,human
153098292    ,human
21526685    ,human
221879483    ,human
127148945    ,human
489748500    ,human
739417207    ,human
17919972    ,human
168606635    ,human
166718532    ,human
45311718    ,human
28951400    ,human
17560096    ,human
55105249    ,human
79481514    ,human
14952077    ,human
139556944    ,human
50315533    ,human
51742969    ,human
24529777    ,human
101108297    ,human
258868912    ,human
109275593    ,human
39983902    ,human
116585717    ,human
270720082    ,human
453266395    ,human
570315266    ,human
18732991    ,human
508255201    ,human
67095962    ,human
112425690    ,human
438741755    ,human
64049044    ,human
567123136    ,human
388926121    ,human
95595606    ,human
185487499    ,human
49140008    ,human
352701848    ,human
58771848    ,human
18804413    ,human
402508189    ,human
211550281    ,human
544233223    ,human
755947410    ,human
703446882    ,human
1480251510    ,human
173744348    ,human
28454038    ,human
27711339    ,human
44473103    ,human
1260366252    ,human
2210225669    ,human
387499625    ,human
154843423    ,human
135421739    ,human
238055452    ,human
215069685    ,human
95970111    ,human
54260419    ,human
1139649950    ,human
957372240    ,human
297380894    ,human
220905215    ,human
44436088    ,human
285509764    ,human
50330438    ,human
196753961    ,human
30245411    ,human
2354267557    ,human
48852495    ,human
117786240    ,human
203873539    ,human
154650240    ,human
52868714    ,human
121707001    ,human
623456010    ,human
29365968    ,human
34747631    ,human
78723428    ,human
51146344    ,human
16808919    ,human
224223563    ,human
15472368    ,human
36414849    ,human
104249727    ,human
55520719    ,human
44134773    ,human
135681528    ,human
100294792    ,human
34047021    ,human
243905905    ,human
123580666    ,human
52181976    ,human
616173    ,human
278175819    ,human
28406270    ,human
92994636    ,human
31348594    ,human
14642389    ,human
95515846    ,human
37417482    ,human
590037005    ,human
32717570    ,human
111725360    ,human
28168276    ,human
15249841    ,human
14914938    ,human
239819612    ,human
276275391    ,human
68152097    ,human
90246174    ,human
255428260    ,human
43370284    ,human
2792651827    ,human
25389599    ,human
61876481    ,human
322803070    ,human
239543885    ,human
74293265    ,human
58267225    ,human
56777230    ,human
101823594    ,human
256507973    ,human
34698198    ,human
57024049    ,human
320603385    ,human
157859662    ,human
29952857    ,human
59427618    ,human
2943969341    ,human
26885308    ,human
120178497    ,human
31183437    ,human
146509611    ,human
78185520    ,human
447569934    ,human
17006157    ,human
127910704    ,human
219669370    ,human
140750163    ,human
25662652    ,human
137017726    ,human
2506947680    ,human
21474366    ,human
569649154    ,human
2815728328    ,human
46015755    ,human
97503057    ,human
97137039    ,human
468030842    ,human
129065444    ,human
15494380    ,human
75974281    ,human
372444350    ,human
18261095    ,human
240714255    ,human
249075355    ,human
239085423    ,human
50821343    ,human
221512549    ,human
392765652    ,human
1624759386    ,human
895907449    ,human
79965526    ,human
733985000000000000    ,human
550202880    ,human
25793156    ,human
22677790    ,human
137791342    ,human
154266117    ,human
169383436    ,human
84466455    ,human
24830645    ,human
378001664    ,human
384331504    ,human
2783208080    ,human
21848184    ,human
1137700339    ,human
28866082    ,human
247509836    ,human
170002596    ,human
109118967    ,human
358213027    ,human
139855438    ,human
25979882    ,human
947192262    ,human
18622869    ,human
44874400    ,human
95740548    ,human
106485105    ,human
287878372    ,human
49772158    ,human
122027651    ,human
157382331    ,human
197117628    ,human
358996059    ,human
19362341    ,human
133124672    ,human
52351721    ,human
41036546    ,human
519045260    ,human
25804151    ,human
291356337    ,human
14450939    ,human
754892875    ,human
45278605    ,human
286866672    ,human
47595335    ,human
58598187    ,human
307807956    ,human
49110693    ,human
473469791    ,human
121169579    ,human
65187067    ,human
70453825    ,human
596230846    ,human
14699672    ,human
77054564    ,human
3307539431    ,human
43320934    ,human
44949890    ,human
116618984    ,human
36711022    ,human
149198901    ,human
49573859    ,human
4285547543    ,human
17017636    ,human
416120500    ,human
4852413514    ,human
214924885    ,human
150362301    ,human
24209365    ,human
110827653    ,human
14647281    ,human
151198065    ,human
280701704    ,human
361062981    ,human
92833297    ,human
18887526    ,human
730821000000000000    ,human
108252113    ,human
1610646036    ,human
55631242    ,human
861663655    ,human
26759578    ,human
87737028    ,human
236942183    ,human
419312513    ,human
372556841    ,human
108957853    ,human
238028607    ,human
50294543    ,human
15640646    ,human
3092818390    ,human
815537202    ,human
52289632    ,human
18937701    ,human
48399528    ,human
200251856    ,human
1445077393    ,human
269768722    ,human
186064280    ,human
99527617    ,human
38871237    ,human
620034505    ,human
153433497    ,human
471311185    ,human
80711620    ,human
19023470    ,human
5768282    ,human
85603854    ,human
110025421    ,human
18101713    ,human
459232332    ,human
17074714    ,human
6480682    ,human
430744802    ,human
77810669    ,human
47285398    ,human
23083404    ,human
39164865    ,human
257036880    ,human
237341507    ,human
2319405002    ,human
24133713    ,human
910240166    ,human
231908931    ,human
404999475    ,human
64155778    ,human
96629035    ,human
20196258    ,human
602317143    ,human
98932084    ,human
17039652    ,human
27710376    ,human
258620242    ,human
42843146    ,human
58951368    ,human
616291520    ,human
17581754    ,human
13396002    ,human
22733444    ,human
40607946    ,human
17266725    ,human
238662720    ,human
18131961    ,human
29860364    ,human
79893160    ,human
715124802    ,human
27592116    ,human
176460689    ,human
17727893    ,human
15945351    ,human
249185680    ,human
80042675    ,human
225190303    ,human
185739738    ,human
35147909    ,human
66561886    ,human
1433730727    ,human
947255846    ,human
31119337    ,human
116362700    ,human
5248441    ,human
230567975    ,human
381520159    ,human
398502177    ,human
105438860    ,human
99749614    ,human
483656289    ,human
264058981    ,human
70155097    ,human
163082695    ,human
131948686    ,human
355708717    ,human
327887468    ,human
82721258    ,human
3226973946    ,human
467047990    ,human
126573583    ,human
129925143    ,human
71308607    ,human
607281049    ,human
107474787    ,human
31355401    ,human
52977655    ,human
305694283    ,human
434698674    ,human
3192923899    ,human
425566836    ,human
385809041    ,human
272250951    ,human
233924133    ,human
142753911    ,human
230288829    ,human
47132215    ,human
56312411    ,human
701607056    ,human
973277052    ,human
202220952    ,human
169243528    ,human
66561957    ,human
111313208    ,human
14689295    ,human
54866152    ,human
48359478    ,human
501774653    ,human
1653237805    ,human
42443574    ,human
163582516    ,human
25970603    ,human
143672012    ,human
298516405    ,human
284528252    ,human
38802447    ,human
111936162    ,human
128351854    ,human
25937606    ,human
25845428    ,human
34177542    ,human
222365692    ,human
76858507    ,human
3138637447    ,human
98874780    ,human
22575307    ,human
1106697014    ,human
20772763    ,human
35376762    ,human
2439098062    ,human
794126426    ,human
341852821    ,human
30614676    ,human
135235142    ,human
388861264    ,human
102406191    ,human
119744178    ,human
25038085    ,human
60025762    ,human
262137017    ,human
69593795    ,human
32660559    ,human
166221011    ,human
70360570    ,human
28641033    ,human
17358768    ,human
133880286    ,human
69610339    ,human
124879050    ,human
966204836    ,human
56783491    ,human
80837321    ,human
80700514    ,human
64727628    ,human
58521139    ,human
19540949    ,human
142763894    ,human
157034224    ,human
40589808    ,human
291687730    ,human
118626543    ,human
32853980    ,human
99918503    ,human
120998613    ,human
5520952    ,human
90836187    ,human
4101221    ,human
97837399    ,human
201321130    ,human
18566247    ,human
17537467    ,human
130496393    ,human
34946355    ,human
23464695    ,human
356139621    ,human
162132294    ,human
44946572    ,human
2277973350    ,human
305085584    ,human
75481484    ,human
175541135    ,human
18055737    ,human
267390486    ,human
18374131    ,human
38536306    ,human
255388236    ,human
82776021    ,human
1064042478    ,human
40511475    ,human
308094016    ,human
80306410    ,human
282705059    ,human
114096191    ,human
13653812    ,human
100510962    ,human
475671755    ,human
84553460    ,human
22322638    ,human
81974865    ,human
18133405    ,human
86565815    ,human
249950365    ,human
313589997    ,human
967748192    ,human
23976874    ,human
223558355    ,human
39922782    ,human
115229499    ,human
2500955780    ,human
289008988    ,human
393028587    ,human
472546062    ,human
21054053    ,human
15316815    ,human
180990597    ,human
213745334    ,human
14380925    ,human
95465386    ,human
15749825    ,human
2796712523    ,human
586010829    ,human
17105248    ,human
362602301    ,human
90086871    ,human
23559108    ,human
39600564    ,human
42328778    ,human
18055279    ,human
3324117014    ,human
329746058    ,human
171468523    ,human
194064099    ,human
259925559    ,human
34430522    ,human
95439391    ,human
248585481    ,human
479371480    ,human
206915543    ,human
18785430    ,human
228009789    ,human
1359277818    ,human
55712033    ,human
30047168    ,human
265483421    ,human
41364508    ,human
161199279    ,human
23641580    ,human
76294950    ,human
41036429    ,human
24530836    ,human
93950314    ,human
22109593    ,human
465219474    ,human
2173631072    ,human
92189384    ,human
376420687    ,human
121285905    ,human
350224247    ,human
91357577    ,human
149590738    ,human
192685104    ,human
23839835    ,human
1492538024    ,human
27195114    ,human
190906140    ,human
464353133    ,human
6974622    ,human
625703560    ,human
466127190    ,human
101986616    ,human
200607665    ,human
30689667    ,human
18130749    ,human
34173127    ,human
575294056    ,human
133334402    ,human
176803724    ,human
54951973    ,human
38281921    ,human
89003506    ,human
1136574486    ,human
75050496    ,human
308716304    ,human
84282385    ,human
237845487    ,human
107318424    ,human
873755605    ,human
50374439    ,human
76011258    ,human
272175633    ,human
130954824    ,human
96941094    ,human
19107878    ,human
149733596    ,human
18210908    ,human
122933342    ,human
56169454    ,human
135039839    ,human
23003978    ,human
15965886    ,human
70722719    ,human
102160486    ,human
190230719    ,human
1089732602    ,human
86613184    ,human
116082971    ,human
155620016    ,human
1285980817    ,human
1673820865    ,human
19477583    ,human
16438898    ,human
555393138    ,human
204742161    ,human
114755833    ,human
43931199    ,human
1156338067    ,human
166772945    ,human
206336873    ,human
219243547    ,human
117194788    ,human
118473167    ,human
2418100549    ,human
35400566    ,human
54829997    ,human
37294647    ,human
18518096    ,human
72696358    ,human
102817149    ,human
1321147820    ,human
141664648    ,human
90570778    ,human
54643087    ,human
153619589    ,human
522704732    ,human
124491549    ,human
580766593    ,human
25189441    ,human
364805693    ,human
17225211    ,human
5709522    ,human
14502233    ,human
1487056766    ,human
29787046    ,human
86484287    ,human
31213362    ,human
78342014    ,human
24447643    ,human
583012000    ,human
268439864    ,human
89124149    ,human
106196838    ,human
512446262    ,human
88065828    ,human
141666777    ,human
480190313    ,human
74853246    ,human
36690579    ,human
157882693    ,human
73515101    ,human
64929124    ,human
431947402    ,human
111236027    ,human
61253025    ,human
144266813    ,human
90258070    ,human
584607463    ,human
32729193    ,human
192932388    ,human
770950000000000000    ,human
286042531    ,human
23778898    ,human
96669212    ,human
310434477    ,human
33801019    ,human
3406962793    ,human
176758431    ,human
83876527    ,human
28211935    ,human
16801904    ,human
49274975    ,human
271106411    ,human
97483082    ,human
422201803    ,human
111860799    ,human
884556398    ,human
195508960    ,human
191088059    ,human
58742042    ,human
1353020900    ,human
324973703    ,human
280542227    ,human
97082147    ,human
394734119    ,human
363972381    ,human
240446034    ,human
24795163    ,human
27698202    ,human
40752044    ,human
36240413    ,human
30013901    ,human
384233189    ,human
26901564    ,human
38836322    ,human
151990201    ,human
33241838    ,human
75509967    ,human
458755731    ,human
2157417348    ,human
81939666    ,human
164553682    ,human
14327149    ,human
56954846    ,human
280458883    ,human
46206733    ,human
477977408    ,human
163628467    ,human
24322371    ,human
28054681    ,human
18222599    ,human
361351581    ,human
96082963    ,human
16867526    ,human
97383592    ,human
1236969025    ,human
52818366    ,human
1660468830    ,human
14589257    ,human
21753718    ,human
71201743    ,human
113712551    ,human
385539815    ,human
411476941    ,human
102125314    ,human
276169885    ,human
1478441894    ,human
135019364    ,human
9532402    ,human
85732915    ,human
55481286    ,human
389845002    ,human
83731025    ,human
159389938    ,human
23935121    ,human
14824849    ,human
76070341    ,human
51520765    ,human
1626545264    ,human
166270127    ,human
1561700880    ,human
35531175    ,human
54020555    ,human
1599608046    ,human
208235152    ,human
769727912    ,human
33975694    ,human
15962096    ,human
179530581    ,human
147023972    ,human
20155652    ,human
96978059    ,human
64753254    ,human
59682648    ,human
24160821    ,human
327191300    ,human
136140018    ,human
52284349    ,human
373677269    ,human
22922759    ,human
19494203    ,human
379710889    ,human
390124813    ,human
3169077625    ,human
133086921    ,human
141116825    ,human
27501572    ,human
1960613304    ,human
60391683    ,human
1432977446    ,human
33654443    ,human
8273632    ,human
234979853    ,human
116611790    ,human
71627462    ,human
34923325    ,human
423718399    ,human
23148645    ,human
1545689918    ,human
90896009    ,human
1212831745    ,human
116677732    ,human
171309097    ,human
2233154425    ,human
6211972    ,human
30893152    ,human
18121619    ,human
249524030    ,human
37322526    ,human
179036286    ,human
267305045    ,human
23156823    ,human
2235417414    ,human
131536498    ,human
64152335    ,human
184725734    ,human
62554155    ,human
55729783    ,human
784680583    ,human
36880083    ,human
23730363    ,human
23151437    ,human
25954814    ,human
1147490460    ,human
59031599    ,human
48440176    ,human
181698945    ,human
152015129    ,human
378176017    ,human
133374040    ,human
1944645192    ,human
355874903    ,human
15358329    ,human
356893311    ,human
53556894    ,human
45090120    ,human
98423770    ,human
33990291    ,human
62724059    ,human
204957452    ,human
87327779    ,human
282064204    ,human
41626669    ,human
201128401    ,human
283068083    ,human
33315233    ,human
166128698    ,human
35443315    ,human
134629415    ,human
284570882    ,human
27649623    ,human
4628602041    ,human
25906700    ,human
28595930    ,human
96829836    ,human
512135356    ,human
498961017    ,human
3372106840    ,human
91798218    ,human
526354298    ,human
84620024    ,human
16089776    ,human
517625911    ,human
114875860    ,human
16076032    ,human
278210172    ,human
47399805    ,human
17336417    ,human
238848438    ,human
27131277    ,human
97474887    ,human
132992534    ,human
51405063    ,human
512700138    ,human
32789366    ,human
59632108    ,human
942872581    ,human
157597834    ,human
120115704    ,human
28919963    ,human
251312191    ,human
35787166    ,human
47608692    ,human
21665313    ,human
766975000000000000    ,human
102847683    ,human
245992215    ,human
1616421800    ,human
19697415    ,human
2966078363    ,human
1057678213    ,human
115853882    ,human
366430950    ,human
2353374818    ,human
66544351    ,human
381289719    ,human
115626888    ,human
6896972    ,human
124258971    ,human
238349049    ,human
152968869    ,human
68122088    ,human
926230922    ,human
25537064    ,human
178812809    ,human
12266442    ,human
33612908    ,human
25521487    ,human
27970832    ,human
50751556    ,human
150178004    ,human
344634424    ,human
607599583    ,human
2853136279    ,human
90558638    ,human
136232151    ,human
632110916    ,human
215052012    ,human
405793882    ,human
67989071    ,human
29842036    ,human
159113258    ,human
154070583    ,human
178867236    ,human
386420143    ,human
338304891    ,human
205270748    ,human
19404587    ,human
188006067    ,human
143307182    ,human
106854950    ,human
22657153    ,human
296235573    ,human
45447020    ,human
22955283    ,human
63525135    ,human
60703824    ,human
40744725    ,human
1160766902    ,human
14790899    ,human
315919021    ,human
76298119    ,human
1491330559    ,human
153691784    ,human
30117765    ,human
174006209    ,human
78285472    ,human
328630711    ,human
67235369    ,human
137978269    ,human
398746272    ,human
262359713    ,human
102921109    ,human
64477046    ,human
46392416    ,human
19762524    ,human
111199728    ,human
150134916    ,human
77512825    ,human
27380209    ,human
111673307    ,human
186202772    ,human
1301324257    ,human
29178412    ,human
17936793    ,human
575492930    ,human
58959991    ,human
27901418    ,human
62740747    ,human
27706753    ,human
142330580    ,human
2292265376    ,human
1398730200    ,human
465973    ,human
142418821    ,human
233183631    ,human
1376071800    ,human
310463188    ,human
170829095    ,human
44782642    ,human
214791922    ,human
23922282    ,human
3459977360    ,human
139173438    ,human
266801190    ,human
34351681    ,human
113100013    ,human
335363786    ,human
533408363    ,human
130922325    ,human
128314976    ,human
76905107    ,human
36832842    ,human
22070897    ,human
219386391    ,human
225988091    ,human
256038088    ,human
285879975    ,human
846369751    ,human
74669397    ,human
182043794    ,human
254115362    ,human
169446005    ,human
261636064    ,human
380730306    ,human
33701184    ,human
18753325    ,human
1626011672    ,human
16461545    ,human
108095136    ,human
405728790    ,human
18678924    ,human
53184837    ,human
726335359    ,human
66104231    ,human
55212559    ,human
44361990    ,human
16409683    ,human
24289021    ,human
33130960    ,human
2149467889    ,human
478044159    ,human
172782604    ,human
85489267    ,human
57725938    ,human
234513598    ,human
314865755    ,human
114407932    ,human
36930327    ,human
245708540    ,human
1852644804    ,human
133243767    ,human
280452543    ,human
171117515    ,human
58755729    ,human
185827887    ,human
20711964    ,human
17881816    ,human
182489530    ,human
67920551    ,human
15475578    ,human
14790817    ,human
1421688428    ,human
118177294    ,human
2246341620    ,human
249535002    ,human
289342771    ,human
301738604    ,human
110528264    ,human
838302036    ,human
50752334    ,human
792587732    ,human
40090727    ,human
56591800    ,human
179245596    ,human
3764301    ,human
122342030    ,human
43436426    ,human
24472704    ,human
349157263    ,human
28706024    ,human
2481283506    ,human
15460081    ,human
114484253    ,human
19045458    ,human
200913899    ,human
191618215    ,human
26090319    ,human
24636191    ,human
1506746809    ,human
36912323    ,human
60985950    ,human
55117855    ,human
23492901    ,human
368186169    ,human
24906723    ,human
2921763658    ,human
71174380    ,human
15220768    ,human
37068486    ,human
57928790    ,human
20514852    ,human
23514666    ,human
597301440    ,human
225539878    ,human
461481428    ,human
2288200830    ,human
320040089    ,human
1567869552    ,human
14425825    ,human
241695415    ,human
635869338    ,human
42473217    ,human
34959923    ,human
273538402    ,human
92821850    ,human
29555251    ,human
52725585    ,human
49717874    ,human
532929138    ,human
109408123    ,human
81619592    ,human
190074321    ,human
87145862    ,human
1576677768    ,human
89478035    ,human
357032926    ,human
50323275    ,human
117349182    ,human
723884990    ,human
16681111    ,human
335953039    ,human
58879208    ,human
56854084    ,human
35817970    ,human
41265813    ,human
47888356    ,human
30631061    ,human
635220617    ,human
33141270    ,human
37344334    ,human
19018401    ,human
150678850    ,human
395990396    ,human
1540470486    ,human
18576552    ,human
26250653    ,human
77694285    ,human
23065354    ,human
14907774    ,human
189976149    ,human
220228167    ,human
184977410    ,human
32745368    ,human
78644388    ,human
165511377    ,human
12687952    ,human
131552403    ,human
155927976    ,human
57440214    ,human
88262000    ,human
71975446    ,human
362895071    ,human
42668179    ,human
87239242    ,human
139687841    ,human
2832987127    ,human
49588164    ,human
67635391    ,human
106539033    ,human
296056610    ,human
31547933    ,human
82143937    ,human
160308387    ,human
113352671    ,human
79367880    ,human
114700374    ,human
59515114    ,human
177727704    ,human
260072592    ,human
181280529    ,human
95610041    ,human
378460963    ,human
87233065    ,human
8443752    ,human
102395023    ,human
50393098    ,human
190618660    ,human
72178641    ,human
78377317    ,human
66618379    ,human
353715697    ,human
29330577    ,human
136660719    ,human
105710210    ,human
944742007    ,human
145548166    ,human
350466315    ,human
177250028    ,human
233070139    ,human
74666509    ,human
15338492    ,human
120557765    ,human
351541320    ,human
287834630    ,human
735897896    ,human
119523259    ,human
88890284    ,human
14754376    ,human
29802480    ,human
917505878    ,human
109387470    ,human
14640553    ,human
133012845    ,human
103594902    ,human
40677226    ,human
214697607    ,human
619278612    ,human
344316266    ,human
101879887    ,human
81888818    ,human
82843602    ,human
29898542    ,human
126676337    ,human
19028953    ,human
37251672    ,human
594666501    ,human
394581283    ,human
411469404    ,human
47717027    ,human
188417619    ,human
28428838    ,human
266367426    ,human
250653825    ,human
29479000    ,human
444813339    ,human
139118162    ,human
86980320    ,human
234034661    ,human
42381705    ,human
70006177    ,human
23702397    ,human
24395664    ,human
454118258    ,human
2489647370    ,human
27772095    ,human
30901512    ,human
166843232    ,human
127664378    ,human
82726142    ,human
2987970473    ,human
142092456    ,human
37875647    ,human
243827971    ,human
43302753    ,human
1331762184    ,human
9543462    ,human
75293774    ,human
3938139679    ,human
48269483    ,human
27576099    ,human
120575218    ,human
103012173    ,human
490442018    ,human
73392771    ,human
1697195868    ,human
39565480    ,human
274093178    ,human
754823287    ,human
77225484    ,human
259399790    ,human
746099000000000000    ,human
29856819    ,human
1401550368    ,human
60257871    ,human
35546719    ,human
24133242    ,human
69229721    ,human
109713729    ,human
138590816    ,human
465811969    ,human
51509917    ,human
123381234    ,human
151944989    ,human
3186964814    ,human
136885994    ,human
124389931    ,human
63662120    ,human
113317910    ,human
63992320    ,human
312620934    ,human
336124836    ,human
252753618    ,human
366713453    ,human
105715305    ,human
23167514    ,human
80521629    ,human
17536486    ,human
626372660    ,human
19248106    ,human
402220952    ,human
23719107    ,human
24859104    ,human
15736267    ,human
120147614    ,human
26277246    ,human
114315370    ,human
72475439    ,human
66155476    ,human
18470958    ,human
50725573    ,human
153368409    ,human
2178230389    ,human
62289791    ,human
34767242    ,human
209994211    ,human
247593686    ,human
16190278    ,human
313359626    ,human
498840131    ,human
78525538    ,human
168807221    ,human
28994993    ,human
21246151    ,human
147589125    ,human
16157577    ,human
21035409    ,human
376506636    ,human
527883269    ,human
35067421    ,human
21135496    ,human
77659956    ,human
346710954    ,human
201866002    ,human
20978103    ,human
94775494    ,human
177826715    ,human
27526457    ,human
170759111    ,human
176566242    ,human
17590516    ,human
71448442    ,human
56323558    ,human
3507260114    ,human
69181624    ,human
10202    ,human
24296476    ,human
14246001    ,human
84729044    ,human
70664813    ,human
92726549    ,human
28534252    ,human
79332579    ,human
46996168    ,human
260205453    ,human
6141832    ,human
7111232    ,human
55807518    ,human
165725207    ,human
2346809580    ,human
31397397    ,human
275575393    ,human
140538938    ,human
3063032281    ,human
94086151    ,human
78384881    ,human
581735148    ,human
105251590    ,human
7684742    ,human
1662472286    ,human
40906691    ,human
19576893    ,human
14120922    ,human
27927868    ,human
317034396    ,human
25638291    ,human
208995026    ,human
105435026    ,human
19314650    ,human
2810785386    ,human
14790966    ,human
96980618    ,human
15872575    ,human
21674080    ,human
213244929    ,human
451649471    ,human
25677409    ,human
42207855    ,human
369037907    ,human
60694754    ,human
44849274    ,human
142836170    ,human
52283878    ,human
22240225    ,human
84092181    ,human
509582589    ,human
848346055    ,human
70326415    ,human
170513866    ,human
64647617    ,human
41425651    ,human
46096164    ,human
24852465    ,human
49709710    ,human
259379883    ,human
20029472    ,human
23950172    ,human
394129778    ,human
179173812    ,human
328049243    ,human
51200175    ,human
3247497561    ,human
214144480    ,human
378611487    ,human
253315622    ,human
429247237    ,human
23161445    ,human
374431134    ,human
1222616833    ,human
416814339    ,human
116994659    ,human
127151020    ,human
11640472    ,human
155151279    ,human
98242963    ,human
560641368    ,human
525208028    ,human
38592915    ,human
38324643    ,human
295429897    ,human
74816067    ,human
90018855    ,human
65659343    ,human
25805906    ,human
401478793    ,human
212560938    ,human
586611288    ,human
997629601    ,human
22563769    ,human
481103368    ,human
15217047    ,human
49251491    ,human
1337785291    ,human
155184017    ,human
103772491    ,human
42422552    ,human
234443392    ,human
2657435144    ,human
269984268    ,human
305928496    ,human
75449249    ,human
122959195    ,human
48332360    ,human
246725858    ,human
727050000000000000    ,human
73951202    ,human
99564663    ,human
174298035    ,human
251069109    ,human
147859496    ,human
160298112    ,human
81683900    ,human
97007823    ,human
144450196    ,human
475652789    ,human
26148323    ,human
29307032    ,human
321388777    ,human
173329512    ,human
61052617    ,human
79293791    ,human
24485503    ,human
74145863    ,human
1561168178    ,human
33905807    ,human
73935457    ,human
24715169    ,human
26196055    ,human
19031819    ,human
256659585    ,human
2462371895    ,human
197598287    ,human
324693838    ,human
50294938    ,human
130991061    ,human
386654472    ,human
432360020    ,human
462921513    ,human
58919137    ,human
242661016    ,human
18215973    ,human
154681028    ,human
263008177    ,human
462489802    ,human
38974889    ,human
233349705    ,human
67629122    ,human
42663408    ,human
39957724    ,human
43340817    ,human
164194743    ,human
331670984    ,human
79986578    ,human
145107843    ,human
426044697    ,human
60142716    ,human
84915845    ,human
79289858    ,human
1613292079    ,human
10668832    ,human
106253879    ,human
66819977    ,human
376666863    ,human
92544265    ,human
9255842    ,human
33892790    ,human
145612287    ,human
28295738    ,human
5526282    ,human
2697192608    ,human
183052795    ,human
30699754    ,human
68698188    ,human
493127463    ,human
240370957    ,human
3108047398    ,human
1675405508    ,human
359621966    ,human
62557485    ,human
1132781004    ,human
45785789    ,human
46783969    ,human
137577752    ,human
24005707    ,human
215207998    ,human
266644093    ,human
147775865    ,human
59283767    ,human
41889498    ,human
153295172    ,human
42038084    ,human
60113620    ,human
287217365    ,human
129786468    ,human
35024272    ,human
349355508    ,human
69256711    ,human
368157378    ,human
15918317    ,human
374590220    ,human
51431207    ,human
219766374    ,human
351740382    ,human
114423418    ,human
87035888    ,human
281618851    ,human
232872974    ,human
144935115    ,human
88749392    ,human
283484457    ,human
73880716    ,human
99765705    ,human
24002803    ,human
50005296    ,human
116464706    ,human
186961616    ,human
17400374    ,human
21446427    ,human
88103066    ,human
27531031    ,human
1586501    ,human
116485600    ,human
390809945    ,human
48177728    ,human
65289126    ,human
170178365    ,human
391432644    ,human
86252928    ,human
410303609    ,human
77991323    ,human
278907814    ,human
51315123    ,human
50205339    ,human
23061619    ,human
493278212    ,human
30261892    ,human
514283233    ,human
258958647    ,human
326255267    ,human
63302020    ,human
358814014    ,human
220388847    ,human
135180139    ,human
44635677    ,human
92945681    ,human
46847815    ,human
284389519    ,human
85363141    ,human
14321959    ,human
40500701    ,human
104976980    ,human
399603314    ,human
39871001    ,human
189917061    ,human
111275676    ,human
612792060    ,human
2550652224    ,human
17844280    ,human
205415788    ,human
45022448    ,human
356507775    ,human
245824095    ,human
343791862    ,human
414369327    ,human
221122127    ,human
55538502    ,human
1050479545    ,human
195646956    ,human
291557277    ,human
61452308    ,human
1868393113    ,human
221412285    ,human
380580239    ,human
425365329    ,human
23117444    ,human
139162440    ,human
524138951    ,human
65773523    ,human
50811932    ,human
1106501    ,human
272096306    ,human
265826890    ,human
507762718    ,human
143490578    ,human
27457788    ,human
246825422    ,human
19554706    ,human
36928426    ,human
60750497    ,human
121199319    ,human
162869667    ,human
34868950    ,human
154221292    ,human
100616272    ,human
118359373    ,human
267024642    ,human
41562632    ,human
402604595    ,human
620398542    ,human
157088760    ,human
265653022    ,human
575661707    ,human
50257367    ,human
288000034    ,human
17049258    ,human
435299501    ,human
28838048    ,human
3251305220    ,human
176315005    ,human
361315016    ,human
30345764    ,human
60337801    ,human
88064439    ,human
152251488    ,human
45409867    ,human
165920232    ,human
198318121    ,human
325655146    ,human
184973419    ,human
149455192    ,human
20659839    ,human
34296189    ,human
27576832    ,human
377723724    ,human
28644174    ,human
239394793    ,human
121677709    ,human
2276661505    ,human
22865546    ,human
189850197    ,human
95482484    ,human
560646552    ,human
46365884    ,human
168103226    ,human
939262832    ,human
45913882    ,human
1042946232    ,human
93131556    ,human
2411221668    ,human
41077287    ,human
121626258    ,human
30503160    ,human
22159122    ,human
186923446    ,human
19280181    ,human
18253340    ,human
345585550    ,human
14516324    ,human
105210222    ,human
36623013    ,human
190955393    ,human
292920781    ,human
551707148    ,human
79556841    ,human
28653018    ,human
59378025    ,human
1183273422    ,human
65563900    ,human
86876958    ,human
41298605    ,human
346409057    ,human
316053407    ,human
163559269    ,human
2469605695    ,human
151123001    ,human
18907022    ,human
162644645    ,human
21101351    ,human
68792381    ,human
62352806    ,human
101333534    ,human
223764929    ,human
48841325    ,human
14502789    ,human
100524721    ,human
40689749    ,human
571112935    ,human
431429137    ,human
96760161    ,human
2155649270    ,human
125546634    ,human
171985977    ,human
247239087    ,human
138791936    ,human
35017255    ,human
158314798    ,human
526256506    ,human
37599351    ,human
40255499    ,human
142519598    ,human
15959560    ,human
14196465    ,human
68923909    ,human
17467600    ,human
44345790    ,human
144742593    ,human
3275693244    ,human
945492493    ,human
375837200    ,human
17681513    ,human
90084099    ,human
72531984    ,human
19734025    ,human
182096378    ,human
351921957    ,human
52430724    ,human
68258567    ,human
299669265    ,human
52230224    ,human
280845193    ,human
284324308    ,human
35039490    ,human
716473897    ,human
175177831    ,human
20544726    ,human
55573873    ,human
20068679    ,human
105119490    ,human
23457682    ,human
59454488    ,human
18091904    ,human
624462023    ,human
94339403    ,human
16222469    ,human
185344587    ,human
257169121    ,human
33868638    ,human
23228600    ,human
453120195    ,human
14092803    ,human
90881968    ,human
742701805    ,human
46282259    ,human
101554705    ,human
96441149    ,human
247378651    ,human
254830969    ,human
62902439    ,human
85725829    ,human
317708215    ,human
288333760    ,human
115701937    ,human
106987811    ,human
90109872    ,human
105080832    ,human
33196091    ,human
94166168    ,human
80438218    ,human
114174919    ,human
23494080    ,human
126528164    ,human
1498656096    ,human
368634756    ,human
18208354    ,human
111698159    ,human
18395177    ,human
291028871    ,human
22655610    ,human
56684856    ,human
18713254    ,human
108538006    ,human
43847197    ,human
46576295    ,human
334950418    ,human
249243667    ,human
41651800    ,human
79650494    ,human
69491538    ,human
31829199    ,human
29307276    ,human
56876644    ,human
117158643    ,human
38797799    ,human
218616696    ,human
189376144    ,human
17861062    ,human
102134994    ,human
2302666267    ,human
496493810    ,human
225418717    ,human
42519612    ,human
372753094    ,human
72371342    ,human
428368142    ,human
50374512    ,human
272780952    ,human
116757352    ,human
112970794    ,human
2330223926    ,human
46660999    ,human
58590381    ,human
47652342    ,human
410333568    ,human
2413670707    ,human
180396151    ,human
38403110    ,human
128990079    ,human
350118701    ,human
41109736    ,human
15263572    ,human
21507883    ,human
285282053    ,human
284667495    ,human
1964571728    ,human
21256157    ,human
29425243    ,human
206049405    ,human
2491702663    ,human
1552233288    ,human
73208083    ,human
29979814    ,human
80480330    ,human
48661131    ,human
154280902    ,human
41329637    ,human
19699682    ,human
64030748    ,human
1176135546    ,human
2229976656    ,human
202475762    ,human
1283137208    ,human
144895723    ,human
156132825    ,human
84353161    ,human
170900539    ,human
156791186    ,human
444838837    ,human
156380350    ,human
420164165    ,human
30666787    ,human
17790667    ,human
122846436    ,human
18322980    ,human
24989174    ,human
288932529    ,human
90052937    ,human
217391337    ,human
68997312    ,human
239241254    ,human
328473577    ,human
154474160    ,human
2260572416    ,human
22668242    ,human
188039706    ,human
23578046    ,human
20567939    ,human
148413248    ,human
213883469    ,human
100610543    ,human
389946569    ,human
18420140    ,human
65369125    ,human
33566025    ,human
163645988    ,human
2255036665    ,human
176210542    ,human
201808535    ,human
61734492    ,human
29091792    ,human
25060424    ,human
41259253    ,human
380097285    ,human
74227838    ,human
332840651    ,human
116986037    ,human
214841339    ,human
548928682    ,human
28665877    ,human
26299390    ,human
53110793    ,human
331771084    ,human
73245966    ,human
126571977    ,human
52422182    ,human
130782035    ,human
92424604    ,human
62926027    ,human
2871367661    ,human
113536371    ,human
356406477    ,human
1143031    ,human
40849552    ,human
237189703    ,human
20109973    ,human
63701775    ,human
557379987    ,human
21247989    ,human
60395840    ,human
75206471    ,human
16116288    ,human
116410075    ,human
19966557    ,human
467048692    ,human
43883714    ,human
128688147    ,human
240458716    ,human
16557087    ,human
38002432    ,human
244800486    ,human
186598799    ,human
255988123    ,human
50227161    ,human
19575977    ,human
56518880    ,human
141186163    ,human
69923007    ,human
2249074058    ,human
18734884    ,human
38671739    ,human
156721917    ,human
141052723    ,human
67888012    ,human
167733138    ,human
47763245    ,human
1025676589    ,human
14314492    ,human
71225650    ,bot
36958020    ,bot
19564719    ,bot
13353862    ,bot
135236273    ,bot
108196938    ,bot
44554692    ,bot
97979210    ,bot
43910684    ,bot
161452925    ,bot
49727721    ,bot
74409069    ,bot
2260150651    ,bot
19106719    ,bot
1448217636    ,bot
508662899    ,bot
255493944    ,bot
20710218    ,bot
23457682    ,bot
54280694    ,bot
41360559    ,bot
364959699    ,bot
244230312    ,bot
457944154    ,bot
22411342    ,bot
68795677    ,bot
93311525    ,bot
16929349    ,bot
1769551    ,bot
18244358    ,bot
50916567    ,bot
15862891    ,bot
33512799    ,bot
16348549    ,bot
380570951    ,bot
605805760    ,bot
16814960    ,bot
119573510    ,bot
1395837230    ,bot
1891171214    ,bot
19923515    ,bot
2768501    ,bot
454324273    ,bot
2288138575    ,bot
143531181    ,bot
422398976    ,bot
261944586    ,bot
36884066    ,bot
85270883    ,bot
37019708    ,bot
717313    ,bot
42816371    ,bot
166092949    ,bot
790680    ,bot
18161336    ,bot
63070483    ,bot
511548205    ,bot
1058130000000000000    ,bot
18938394    ,bot
124266832    ,bot
70394965    ,bot
12513472    ,bot
181099378    ,bot
17710740    ,bot
31444922    ,bot
186101324    ,bot
931174645    ,bot
177194756    ,bot
64419705    ,bot
14333756    ,bot
12815132    ,bot
410203574    ,bot
619399679    ,bot
66385167    ,bot
224176099    ,bot
17028456    ,bot
94429039    ,bot
815002578    ,bot
15040988    ,bot
17454769    ,bot
38623068    ,bot
170965705    ,bot
38427754    ,bot
109531911    ,bot
1584766429    ,bot
234513598    ,bot
141161453    ,bot
19129949    ,bot
39985029    ,bot
18862596    ,bot
246912277    ,bot
212266188    ,bot
18750157    ,bot
92686016    ,bot
16186995    ,bot
58908838    ,bot
178045174    ,bot
20985527    ,bot
2465436362    ,bot
21313364    ,bot
614754689    ,bot
42170630    ,bot
2785480981    ,bot
52558480    ,bot
15371662    ,bot
73459349    ,bot
75279848    ,bot
807220000000000000    ,bot
35287180    ,bot
5649672    ,bot
24693705    ,bot
118288671    ,bot
17469289    ,bot
1775731    ,bot
440784095    ,bot
297174372    ,bot
112431151    ,bot
14614833    ,bot
16736535    ,bot
1135877646    ,human
2310724598    ,human
2442918091    ,human
3258575329    ,human
2852407598    ,human
151595281    ,human
1644129194    ,human
205561923    ,human
548768095    ,human
3550084640    ,human
993363480    ,human
597878828    ,human
3019691246    ,human
203420499    ,human
18469490    ,human
338163791    ,human
2685951655    ,human
1566174187    ,human
726969781    ,human
15593696    ,human
884093000000000000    ,human
337741447    ,human
346146611    ,human
520250204    ,human
374294966    ,human
83291674    ,human
80628196    ,human
95064543    ,human
227942485    ,human
175524309    ,human
467646256    ,human
3011737321    ,human
2282284649    ,human
419328316    ,human
91240835    ,human
378325163    ,human
465085290    ,human
1062380000000000000    ,human
359245295    ,human
3097948927    ,human
119456978    ,human
369597274    ,human
1634516120    ,human
1039490000000000000    ,human
181376957    ,human
572195697    ,human
29844579    ,human
125448744    ,human
208651278    ,human
14114267    ,human
81225298    ,human
2214647953    ,human
562445678    ,human
387844724    ,human
737081035    ,human
48962805    ,human
1490985685    ,human
114860704    ,human
453825972    ,human
553429991    ,human
456605888    ,human
378743736    ,human
588630461    ,human
3039154799    ,human
390617262    ,bot
4611389296    ,human
734397000000000000    ,human
1010980000000000000    ,bot
1012450000000000000    ,human
1012260000000000000    ,bot
968196446    ,human
1012050000000000000    ,bot
1012000000000000000    ,human
2890342662    ,human
720667000000000000    ,bot
1010970000000000000    ,bot
1704716070    ,human
1010610000000000000    ,bot
1154282738    ,bot
1012070000000000000    ,bot
883611000000000000    ,human
1011190000000000000    ,bot
1012090000000000000    ,human
1011240000000000000    ,human
959255000000000000    ,human
4655510439    ,human
3119392109    ,human
1010880000000000000    ,human
1010610000000000000    ,bot
809795000000000000    ,bot
1012130000000000000    ,bot
975704000000000000    ,bot
1001870000000000000    ,human
327555341    ,bot
1005150000000000000    ,human
1012610000000000000    ,bot
630459182    ,human
883725000000000000    ,bot
3007724008    ,bot
916187000000000000    ,bot
4034721759    ,bot
1459595030    ,bot
585091018    ,human
391505537    ,human
834490000000000000    ,bot
2363684405    ,human
4082476475    ,human
2982392825    ,bot
1063319761    ,human
2918674683    ,bot
728183000000000000    ,bot
1698808080    ,bot
1000350000000000000    ,human
901802000000000000    ,human
2298056467    ,human
585560662    ,human
550410719    ,bot
819902000000000000    ,human
329134629    ,bot
868185000000000000    ,human
1202102875    ,human
125072714    ,bot
202212121    ,bot
1244391379    ,human
3291561425    ,bot
824903000000000000    ,bot
825380000000000000    ,bot
1012060000000000000    ,human
830683244    ,human
4352856142    ,human
867072000000000000    ,human
831914000000000000    ,bot
1006066460    ,bot
868401000000000000    ,bot
425943636    ,human
2579632449    ,human
970583000000000000    ,human
4836438088    ,human
202305873    ,bot
971374000000000000    ,human
1244668758    ,human
1086442256    ,human
732212000000000000    ,bot
1123481    ,human
606417584    ,human
3500831    ,human
3070640794    ,bot
306412249    ,human
827909000000000000    ,bot
595356862    ,human
625712362    ,human
3407591541    ,bot
831165000000000000    ,bot
2918691515    ,bot
2837970855    ,bot
2992407304    ,human
996455000000000000    ,bot
461015426    ,bot
2323994683    ,bot
2896312810    ,bot
177548621    ,human
728912000000000000    ,human
2968800676    ,human
2217834630    ,human
845712000000000000    ,human
2982506153    ,bot
839938000000000000    ,bot
2799576867    ,human
1009860000000000000    ,human
974982000000000000    ,bot
979300000000000000    ,bot
231999899    ,bot
1362279283    ,human
4826949964    ,bot
2560586103    ,human
855136000000000000    ,bot
932924905    ,bot
486025962    ,human
2269447992    ,bot
327555253    ,bot
1002690000000000000    ,bot
548662037    ,bot
765890000000000000    ,human
825395000000000000    ,bot
4353158674    ,human
989748000000000000    ,human
905405000000000000    ,bot
966343682    ,bot
603005791    ,human
2939550185    ,human
1109829834    ,human
974977000000000000    ,human
840552000000000000    ,bot
2199622261    ,human
424907383    ,human
4818612196    ,human
977928000000000000    ,human
327674514    ,bot
1331398375    ,human
333431378    ,human
825699000000000000    ,bot
554539740    ,bot
989116000000000000    ,human
729045000000000000    ,human
1011960000000000000    ,bot
2211763337    ,bot
782535000000000000    ,human
2797764234    ,bot
2339156160    ,bot
721817054    ,human
1011990000000000000    ,bot
2349112225    ,bot
755329000000000000    ,human
2998480923    ,bot
926532000000000000    ,bot
2998555053    ,bot
2982782446    ,bot
448110696    ,bot
2982546107    ,bot
911510000000000000    ,human
704821000000000000    ,human
700244333    ,human
826001000000000000    ,bot
950998000000000000    ,human
276497372    ,human
2982795550    ,bot
991332558    ,human
2976241827    ,human
489519253    ,human
3092010165    ,human
3290568658    ,bot
2982443524    ,bot
3224618207    ,human
573568763    ,human
838436000000000000    ,bot
2419259186    ,human
3122007425    ,human
1571230602    ,human
202206667    ,bot
2930775934    ,bot
812590000000000000    ,human
560954476    ,bot
423240463    ,bot
2385911950    ,human
797500000000000000    ,human
926349000000000000    ,human
1011720000000000000    ,human
1011980000000000000    ,bot
1012140000000000000    ,human
534504035    ,human
986192000000000000    ,human
1012300000000000000    ,bot
726109000000000000    ,human
2989418577    ,bot
972790000000000000    ,human
814176367    ,bot
1011720000000000000    ,human
893832000000000000    ,bot
228744087    ,bot
883056000000000000    ,human
950484000000000000    ,bot
752099000000000000    ,human
831786000000000000    ,bot
2376525880    ,bot
2704478260    ,bot
278767989    ,human
3138084547    ,human
1122716048    ,human
1337678305    ,bot
761376188    ,human
1198843740    ,human
2364628874    ,human
1714082910    ,human
830819000000000000    ,bot
2982526985    ,bot
1449933242    ,human
1013120000000000000    ,human
741329000000000000    ,human
1260617916    ,human
702253000000000000    ,human
2367002093    ,human
2976226983    ,human
561125828    ,bot
494889421    ,human
296318811    ,human
2905469547    ,human
1012330000000000000    ,human
55404019    ,human
554630722    ,bot
1006016766    ,bot
271466783    ,human
781524000000000000    ,bot
2772451794    ,bot
421858976    ,human
951242000000000000    ,human
836505000000000000    ,human
972314000000000000    ,bot
3825988815    ,human
834244000000000000    ,bot
948982000000000000    ,bot
1183194624    ,bot
2998556339    ,bot
503680418    ,bot
132962832    ,human
456210073    ,bot
1268082668    ,human
922839841    ,bot
250624869    ,human
971040000000000000    ,human
595846370    ,bot
2985794427    ,bot
468385317    ,bot
2949953224    ,human
761296000000000000    ,human
1000030000000000000    ,human
717336000000000000    ,human
1006940000000000000    ,human
524420458    ,bot
1012110000000000000    ,bot
1011630000000000000    ,bot
548914113    ,bot
963824000000000000    ,bot
834228127    ,bot
169696352    ,bot
162929585    ,bot
2824210848    ,bot
2278667285    ,bot
907152121    ,bot
619465123    ,bot
20731304    ,bot
413482537    ,bot
148360487    ,bot
569704121    ,bot
21271500    ,bot
767184145    ,bot
106098830    ,bot
174369819    ,bot
793998876    ,bot
2235027028    ,bot
483579235    ,bot
307233876    ,bot
465521654    ,bot
811563716    ,bot
1238305681    ,bot
1694047861    ,bot
2938477910    ,bot
278561826    ,bot
2363967920    ,bot
332710234    ,bot
3306286357    ,bot
14223809    ,bot
32451329    ,bot
437622456    ,bot
1336196760    ,bot
386707036    ,bot
37372338    ,bot
327794846    ,bot
227296786    ,bot
240889813    ,bot
826754628    ,bot
189560687    ,bot
4110375555    ,bot
112690339    ,bot
115637932    ,bot
423668324    ,bot
943073006    ,bot
55176518    ,bot
1181493252    ,bot
800834000000000000    ,bot
245823708    ,bot
59055175    ,bot
2934423981    ,bot
2607096499    ,bot
73420075    ,bot
40589808    ,bot
2780202108    ,bot
398836690    ,bot
36759246    ,bot
1033980000000000000    ,bot
130668812    ,bot
1019791885    ,bot
56246250    ,bot
27737579    ,bot
14392252    ,bot
226061405    ,bot
47070156    ,bot
16557431    ,bot
129633845    ,bot
103652362    ,bot
2800469755    ,bot
1342207069    ,bot
1678548306    ,bot
62159419    ,bot
367926511    ,bot
2532821389    ,bot
564474061    ,bot
244714785    ,bot
544333505    ,bot
30323859    ,bot
76593802    ,bot
600499984    ,bot
15032862    ,bot
40212757    ,bot
266956478    ,bot
71208005    ,bot
488970833    ,bot
21273590    ,bot
203145074    ,bot
14105540    ,bot
486624314    ,bot
34239016    ,bot
57339160    ,bot
2811559122    ,bot
34927577    ,bot
461804603    ,bot
2363231167    ,bot
41246008    ,bot
47923477    ,bot
25552667    ,bot
6776102    ,bot
9609372    ,bot
1388988012    ,bot
16542230    ,bot
1484162798    ,bot
20812193    ,bot
911952000000000000    ,bot
1002309236    ,bot
2655791    ,bot
100766356    ,bot
953692489    ,bot
2835312057    ,bot
189231119    ,bot
21658412    ,bot
380944344    ,bot
36204399    ,bot
243173367    ,bot
103618826    ,bot
34238668    ,bot
415781653    ,bot
31744917    ,bot
14448642    ,bot
79194034    ,bot
178866422    ,bot
118667208    ,bot
313481830    ,bot
60851517    ,bot
1564498860    ,bot
218570536    ,bot
190608775    ,bot
14607140    ,bot
16308920    ,bot
280986369    ,bot
920610398    ,bot
567373425    ,bot
710772673    ,bot
247062249    ,bot
14276189    ,bot
123750057    ,bot
706253784    ,bot
737927700    ,bot
111809956    ,bot
776489862    ,bot
47302521    ,bot
705846704    ,bot
986775452    ,bot
44683523    ,bot
36984408    ,bot
303238869    ,bot
735613874    ,bot
44668684    ,bot
1424567636    ,bot
2185879122    ,bot
4062837748    ,bot
131472597    ,bot
3900596183    ,bot
49337907    ,bot
105719173    ,bot
15792031    ,bot
603385285    ,bot
1416121214    ,bot
821215000000000000    ,bot
172425532    ,bot
71515969    ,bot
39941540    ,bot
921426764    ,bot
13862172    ,bot
308287890    ,bot
2549172114    ,bot
3300861167    ,bot
40364991    ,bot
2876076186    ,bot
627253333    ,bot
61710647    ,bot
11436952    ,bot
200570353    ,bot
19916572    ,bot
1004760000000000000    ,bot
2752601    ,bot
18871948    ,bot
25417360    ,bot
80921539    ,bot
45406850    ,bot
1408706821    ,bot
18678924    ,bot
148711787    ,bot
23573083    ,bot
742143    ,bot
6017542    ,bot
759251    ,bot
33884545    ,bot
1367531    ,bot
2367911    ,bot
19923144    ,bot
19426551    ,bot
17471979    ,bot
18219976    ,bot
1652541    ,bot
30973    ,bot
14293310    ,bot
5988062    ,bot
218437274    ,bot
95023423    ,bot
16193578    ,bot
3108351    ,bot
24742040    ,bot
69183155    ,bot
2883841    ,bot
2557521    ,bot
807095    ,bot
352132252    ,bot
1661404440    ,bot
2928556470    ,bot
2901953015    ,bot
168789642    ,bot
3193080636    ,bot
2491508162    ,bot
490645569    ,bot
300415996    ,bot
709807650    ,bot
976973737    ,bot
1433472060    ,bot
449470627    ,bot
1421859620    ,bot
1293787292    ,bot
1334673584    ,bot
2359556900    ,bot
2172327199    ,bot
1567185626    ,bot
68075842    ,bot
972532340    ,bot
170568448    ,bot
139954867    ,bot
225313169    ,bot
185218294    ,bot
245010194    ,bot
2861336274    ,bot
3210208413    ,bot
288773752    ,bot
3166813130    ,bot
419353120    ,bot
2477327017    ,bot
2198788956    ,bot
3365682132    ,bot
263300013    ,bot
1482179886    ,bot
3281348820    ,bot
122965433    ,bot
211001312    ,bot
3018024769    ,bot
6781802    ,bot
37260832    ,bot
179201716    ,bot
1453275032    ,bot
3383003321    ,bot
2309880170    ,bot
121657291    ,bot
1196559378    ,bot
377341555    ,bot
423926299    ,bot
205990455    ,bot
2795208109    ,bot
1036461709    ,bot
735385566    ,bot
71020190    ,bot
1424000143    ,bot
625458452    ,bot
4113621027    ,bot
85989198    ,bot
151041505    ,bot
254603350    ,bot
3082647453    ,bot
2327994013    ,bot
250121556    ,bot
2221432382    ,bot
55747577    ,bot
28403745    ,bot
705187969    ,bot
1081628124    ,bot
2943566101    ,bot
2165381052    ,bot
105821431    ,bot
4459687272    ,bot
1618730976    ,bot
3098765088    ,bot
176769813    ,bot
276197452    ,bot
1607223709    ,bot
3019223383    ,bot
2955302197    ,bot
400750779    ,bot
2303471682    ,bot
1494549962    ,bot
385181678    ,bot
608171108    ,bot
591555224    ,bot
251724140    ,bot
2932938109    ,bot
728249330    ,bot
87307603    ,bot
3989896755    ,bot
3990931    ,bot
555203372    ,bot
1201545410    ,bot
3586579334    ,bot
16257347    ,bot
3384167860    ,bot
2279725112    ,bot
106763540    ,bot
1098366914    ,bot
3137992297    ,bot
2334005046    ,bot
223617437    ,bot
36165609    ,bot
587364967    ,bot
98421600    ,bot
341375420    ,bot
2160498763    ,bot
16242863    ,bot
2832528206    ,bot
347607131    ,bot
2416820011    ,bot
225206811    ,bot
341863906    ,bot
762496814    ,bot
1638058898    ,bot
78542537    ,bot
1586237918    ,bot
421077323    ,bot
382258177    ,bot
306701131    ,bot
161126952    ,bot
313981047    ,bot
44310851    ,bot
701815436    ,bot
228285665    ,bot
63320347    ,bot
768314389    ,bot
1081279532    ,bot
115885449    ,bot
3185320003    ,bot
870188413    ,bot
114157893    ,bot
71382295    ,bot
2394340476    ,bot
131388296    ,bot
2351661019    ,bot
2444516970    ,bot
184824665    ,bot
38537315    ,bot
2274848604    ,bot
2209583375    ,bot
30129478    ,bot
322526117    ,bot
1979190776    ,bot
211557827    ,bot
2399173802    ,bot
2164494214    ,bot
2340008558    ,bot
4080133834    ,bot
223450467    ,bot
3021259014    ,bot
495103914    ,bot
713337475    ,bot
382374582    ,bot
1518220519    ,bot
362909565    ,bot
2379160873    ,bot
127002708    ,bot
28054874    ,bot
1171100534    ,bot
2268691220    ,bot
43310150    ,bot
2568313562    ,bot
200077738    ,bot
1853693322    ,bot
2899662597    ,bot
3348071480    ,bot
5460412    ,bot
2378134129    ,bot
3322078934    ,bot
3627483613    ,bot
1901949198    ,bot
508783596    ,bot
2363987964    ,bot
42858599    ,bot
2445321452    ,bot
534745299    ,bot
306806485    ,bot
132433435    ,bot
89934622    ,bot
1592851670    ,bot
366417743    ,bot
120143525    ,bot
219992032    ,bot
250920294    ,bot
129082472    ,bot
1355305712    ,bot
2925665354    ,bot
2875360759    ,bot
3150644462    ,bot
40398210    ,bot
2792831540    ,bot
4556775395    ,bot
4842711789    ,bot
1405381086    ,bot
4185111    ,bot
105718796    ,bot
4477044201    ,bot
1337464171    ,bot
708379000000000000    ,bot
6690852    ,bot
784761385    ,bot
2218438975    ,bot
1650904332    ,bot
620999064    ,bot
2423067464    ,bot
153057640    ,bot
153323842    ,bot
3031717200    ,bot
1606033945    ,bot
183346337    ,bot
423373395    ,bot
558215877    ,bot
239625459    ,bot
2900587879    ,bot
504731972    ,bot
2177173596    ,bot
2900157139    ,bot
4880154665    ,bot
1032457044    ,bot
147146101    ,bot
316465945    ,bot
3241838887    ,bot
150996744    ,bot
45861757    ,bot
2898882306    ,bot
2318968129    ,bot
144082130    ,bot
925537664    ,bot
89414175    ,bot
1401272485    ,bot
1959425161    ,bot
3430977532    ,bot
4849801408    ,bot
2981911481    ,bot
3920279115    ,bot
71478395    ,bot
105711392    ,bot
564109899    ,bot
1636329254    ,bot
2916404666    ,bot
2481764343    ,bot
174214130    ,bot
2298803394    ,bot
924967777    ,bot
2697652640    ,bot
2338730188    ,bot
1588836115    ,bot
4714956096    ,bot
3081645028    ,bot
2338346534    ,bot
2534800813    ,bot
1294912754    ,bot
213240534    ,bot
106139099    ,bot
916641536    ,bot
587526194    ,bot
87115541    ,bot
2492023416    ,bot
1342608199    ,bot
2773297820    ,bot
2405972748    ,bot
224290010    ,bot
1245496057    ,bot
2185105262    ,bot
420670398    ,bot
852870162    ,bot
3164718758    ,bot
327422553    ,bot
4411292416    ,bot
950391445    ,bot
235092653    ,bot
112948196    ,bot
623422330    ,bot
2333462725    ,bot
121284072    ,bot
2237649551    ,bot
232492324    ,bot
545867562    ,bot
1092087096    ,bot
471746550    ,bot
181549694    ,bot
457590482    ,bot
275692203    ,bot
194490327    ,bot
1548750122    ,bot
1062317300    ,bot
2431613352    ,bot
509903343    ,bot
272140744    ,bot
2408474918    ,bot
39255637    ,bot
3405310937    ,bot
3333338062    ,bot
2934134629    ,bot
284566764    ,bot
65845089    ,bot
280092340    ,bot
2295337212    ,bot
105786154    ,bot
710124000000000000    ,bot
727019388    ,bot
2943615224    ,bot
1723491799    ,bot
200430028    ,bot
312960864    ,bot
791449    ,bot
53824372    ,bot
75188460    ,bot
194909366    ,bot
2311267801    ,bot
105783456    ,bot
2251584776    ,bot
34946543    ,bot
257467708    ,bot
36848025    ,bot
135069164    ,bot
2835630150    ,bot
2740307758    ,bot
134138478    ,bot
866648466    ,bot
2358642654    ,bot
5611312    ,bot
336157900    ,bot
287139302    ,bot
1914626330    ,bot
1450486789    ,bot
448529505    ,bot
131570753    ,bot
196467013    ,bot
1055490276    ,bot
322951176    ,bot
31090827    ,bot
39321874    ,bot
63375729    ,bot
1422126799    ,bot
355784391    ,bot
2455407434    ,bot
18424289    ,bot
15790423    ,bot
100731315    ,bot
553785251    ,bot
278519480    ,bot
321125740    ,bot
234504612    ,bot
242618658    ,bot
146540920    ,bot
85537477    ,bot
101772207    ,bot
3306242996    ,bot
74604641    ,bot
19678937    ,bot
701615052    ,bot
118784585    ,bot
128852631    ,bot
14569869    ,bot
2193607094    ,bot
78687173    ,bot
18238260    ,bot
183398746    ,bot
453510918    ,bot
55947313    ,bot
1100927498    ,bot
14669951    ,bot
13018112    ,bot
92174767    ,bot
99943864    ,bot
15317676    ,bot
13213122    ,bot
112523709    ,bot
23043294    ,bot
4822267210    ,bot
105082141    ,bot
18091004    ,bot
51124892    ,bot
256747696    ,bot
53146923    ,bot
223304073    ,bot
34570323    ,bot
81048495    ,bot
78039816    ,bot
123681659    ,bot
228887368    ,bot
255425706    ,bot
109651819    ,bot
109237155    ,bot
872185597    ,bot
240734425    ,bot
106445504    ,bot
36100710    ,bot
17193794    ,bot
22708797    ,bot
1347595525    ,bot
92242282    ,bot
2309234977    ,bot
113816349    ,bot
384331504    ,bot
172729719    ,bot
351999221    ,bot
294150384    ,bot
2406546896    ,bot
124450567    ,bot
83804335    ,bot
132330417    ,bot
624995677    ,bot
413841846    ,bot
55307193    ,bot
1005560000000000000    ,bot
18676369    ,bot
16981026    ,bot
15640646    ,bot
14119371    ,bot
171337448    ,bot
71225650    ,bot
36958020    ,bot
19564719    ,bot
13353862    ,bot
135236273    ,bot
108196938    ,bot
44554692    ,bot
97979210    ,bot
43910684    ,bot
161452925    ,bot
49727721    ,bot
74409069    ,bot
2260150651    ,bot
19106719    ,bot
1448217636    ,bot
508662899    ,bot
255493944    ,bot
20710218    ,bot
2836421    ,bot
23457682    ,bot
54280694    ,bot
41360559    ,bot
364959699    ,bot
244230312    ,bot
457944154    ,bot
22411342    ,bot
68795677    ,bot
93311525    ,bot
16929349    ,bot
1769551    ,bot
18244358    ,bot
50916567    ,bot
15862891    ,bot
33512799    ,bot
16348549    ,bot
380570951    ,bot
605805760    ,bot
16814960    ,bot
119573510    ,bot
1395837230    ,bot
1891171214    ,bot
19923515    ,bot
2768501    ,bot
454324273    ,bot
2288138575    ,bot
143531181    ,bot
422398976    ,bot
261944586    ,bot
36884066    ,bot
85270883    ,bot
37019708    ,bot
717313    ,bot
42816371    ,bot
166092949    ,bot
790680    ,bot
18161336    ,bot
63070483    ,bot
511548205    ,bot
1058130000000000000    ,bot
18938394    ,bot
124266832    ,bot
70394965    ,bot
12513472    ,bot
181099378    ,bot
17710740    ,bot
31444922    ,bot
186101324    ,bot
931174645    ,bot
177194756    ,bot
64419705    ,bot
14333756    ,bot
12815132    ,bot
410203574    ,bot
619399679    ,bot
66385167    ,bot
224176099    ,bot
17028456    ,bot
94429039    ,bot
815002578    ,bot
15040988    ,bot
17454769    ,bot
38623068    ,bot
170965705    ,bot
38427754    ,bot
109531911    ,bot
1584766429    ,bot
234513598    ,bot
141161453    ,bot
19129949    ,bot
39985029    ,bot
18862596    ,bot
246912277    ,bot
212266188    ,bot
18750157    ,bot
92686016    ,bot
16186995    ,bot
58908838    ,bot
178045174    ,bot
20985527    ,bot
2465436362    ,bot
21313364    ,bot
614754689    ,bot
42170630    ,bot
2785480981    ,bot
52558480    ,bot
15371662    ,bot
73459349    ,bot
75279848    ,bot
807220000000000000    ,bot
35287180    ,bot
5649672    ,bot
24693705    ,bot
118288671    ,bot
17469289    ,bot
1775731    ,bot
440784095    ,bot
297174372    ,bot
112431151    ,bot
14614833    ,bot
16736535    ,bot
1135877646    ,human
2310724598    ,human
2442918091    ,human
3258575329    ,human
2852407598    ,human
151595281    ,human
1644129194    ,human
205561923    ,human
548768095    ,human
3550084640    ,human
993363480    ,human
597878828    ,human
3019691246    ,human
203420499    ,human
18469490    ,human
338163791    ,human
2685951655    ,human
1566174187    ,human
726969781    ,human
15593696    ,human
884093000000000000    ,human
337741447    ,human
346146611    ,human
520250204    ,human
374294966    ,human
83291674    ,human
80628196    ,human
95064543    ,human
227942485    ,human
175524309    ,human
467646256    ,human
3011737321    ,human
2282284649    ,human
419328316    ,human
91240835    ,human
378325163    ,human
465085290    ,human
1062380000000000000    ,human
359245295    ,human
3097948927    ,human
119456978    ,human
369597274    ,human
1634516120    ,human
1039490000000000000    ,human
181376957    ,human
572195697    ,human
29844579    ,human
125448744    ,human
208651278    ,human
14114267    ,human
81225298    ,human
2214647953    ,human
562445678    ,human
387844724    ,human
737081035    ,human
48962805    ,human
1490985685    ,human
114860704    ,human
453825972    ,human
553429991    ,human
456605888    ,human
378743736    ,human
588630461    ,human
88950376    ,human
362284562    ,human
86271665    ,human
51029993    ,human
120538744    ,human
61314535    ,human
194975681    ,human
123546050    ,human
165761267    ,human
148466830    ,human
900045860    ,human
3308360891    ,human
310434477    ,human
1156489574    ,human
2430914192    ,human
51623469    ,human
148759599    ,human
19509884    ,human
148753334    ,human
2173033080    ,human
100629223    ,human
251686253    ,human
14941525    ,human
490406701    ,human
757822000000000000    ,human
18512945    ,human
1649356580    ,human
226266379    ,human
96738962    ,human
36439939    ,human
136469272    ,human
16221481    ,human
156040579    ,human
624858417    ,human
55195136    ,human
401775393    ,human
728638000000000000    ,human
80878133    ,human
23442551    ,human
2401374210    ,human
544655767    ,human
291922856    ,human
34253207    ,human
71023251    ,human
427288938    ,human
344726222    ,human
771059000000000000    ,human
231354142    ,human
221765424    ,human
2472738966    ,human
17229503    ,human
878447185    ,human
2166806700    ,human
526677862    ,human
611582397    ,human
613512037    ,human
1112088823    ,human
19816812    ,human
451623060    ,human
43298395    ,human
701250750    ,human
105547201    ,human
212302245    ,human
479914394    ,human
23977873    ,human
14282169    ,human
46318078    ,human
1653727326    ,human
15308156    ,human
1048747987    ,human
70683270    ,human
1614247400    ,human
25132897    ,human
814121478    ,human
129712915    ,human
1002706964    ,human
214891135    ,human
54311364    ,human
18426970    ,human
252875977    ,human
142980929    ,human
757310000000000000    ,human
14790085    ,human
158426128    ,human
130823503    ,human
1329116436    ,human
2490828194    ,human
213570812    ,human
1278377149    ,human
496584998    ,human
274251944    ,human
45698212    ,human
106082551    ,human
709876000000000000    ,human
33619791    ,human
76041806    ,human
1596661453    ,human
251277482    ,human
44088315    ,human
290181133    ,human
310672436    ,human
26327095    ,human
141300574    ,human
963418992    ,human
784747000000000000    ,human
18944209    ,human
18179554    ,human
628092930    ,human
120808237    ,human
948335156    ,human
15450695    ,human
2654439500    ,human
130314799    ,human
158515999    ,human
28076891    ,human
21824310    ,human
27834261    ,human
822903000000000000    ,human
724463826    ,human
55420922    ,human
555862555    ,human
97104042    ,human
86864472    ,human
40940905    ,human
14521427    ,human
1378044421    ,human
2416088899    ,human
275447294    ,human
101011196    ,human
3313360990    ,human
115461582    ,human
67145296    ,human
410177149    ,human
49375859    ,human
160159077    ,human
51674513    ,human
591612748    ,human
234633153    ,human
103981160    ,human
182173149    ,human
44412106    ,human
18657572    ,human
39330733    ,human
26687751    ,human
921999224    ,human
846439000000000000    ,human
154633280    ,human
124765669    ,human
147966474    ,human
137116526    ,human
39922594    ,human
65477786    ,human
133413860    ,human
259798883    ,human
947217853    ,human
24581048    ,human
19796721    ,human
482622453    ,human
27014121    ,human
156845052    ,human
410089108    ,human
96497966    ,human
60112031    ,human
550336226    ,human
51447989    ,human
150242555    ,human
913792000000000000    ,human
128181887    ,human
2303406624    ,human
153810216    ,human
17833574    ,human
771103752    ,human
118371948    ,human
14671170    ,human
150746683    ,human
323972181    ,human
15860542    ,human
2612809808    ,human
580089228    ,human
918372090    ,human
616400256    ,human
22956220    ,human
40340946    ,human
267185120    ,human
212319985    ,human
400334965    ,human
1335999216    ,human
20312664    ,human
3632660955    ,human
718927286    ,human
44603356    ,human
1678786722    ,human
497370467    ,human
70352000    ,human
107778741    ,human
226040501    ,human
5940642    ,human
716789000000000000    ,human
1198278313    ,human
27178513    ,human
82171278    ,human
117202778    ,human
32856634    ,human
279185985    ,human
547698997    ,human
1063700869    ,human
103053196    ,human
168625831    ,human
2383682650    ,human
419731813    ,human
40898254    ,human
120150508    ,human
19990540    ,human
2175112274    ,human
393032536    ,human
18775482    ,human
2370095387    ,human
606522136    ,human
460279825    ,human
20117790    ,human
34676280    ,human
3019325733    ,human
45285656    ,human
897287000000000000    ,human
3149062356    ,human
2255839644    ,human
199719062    ,human
2557928030    ,human
326984697    ,human
535837673    ,human
605460099    ,human
408911226    ,human
2610663146    ,human
560646552    ,human
109986797    ,human
606585417    ,human
2844734828    ,human
838510000000000000    ,human
747585390    ,human
1296935270    ,human
896533819    ,human
804835993    ,human
14287474    ,human
953232000000000000    ,human
77225484    ,human
2424210731    ,human
222789645    ,human
224168353    ,human
14848513    ,human
2846040640    ,human
3222118555    ,human
206952230    ,human
780050    ,human
2469836959    ,human
958092908    ,human
109396186    ,human
14434613    ,human
385718466    ,human
927340000000000000    ,human
527612811    ,human
553094706    ,human
708014748    ,human
152551783    ,human
192730275    ,human
47281118    ,human
2972605423    ,human
233488091    ,human
1640879869    ,human
332250142    ,human
49348697    ,human
52876623    ,human
151173085    ,human
767396    ,human
554629512    ,human
154670681    ,human
998977000000000000    ,human
146808904    ,human
46282259    ,human
20270332    ,human
18812728    ,human
126771735    ,human
43154983    ,human
64526820    ,human
467712489    ,human
16330902    ,human
2566083968    ,human
2186755171    ,human
1445374915    ,human
1721742157    ,human
3116779908    ,human
133693041    ,human
515256733    ,human
110403465    ,human
562696581    ,human
112447717    ,human
955523000000000000    ,human
106081433    ,human
249575732    ,human
93152605    ,human
299291756    ,human
161482772    ,human
52552927    ,human
34843478    ,human
104609993    ,human
18538525    ,human
629193910    ,human
459167208    ,human
401827209    ,human
54476445    ,human
238149950    ,human
17896311    ,human
146962935    ,human
1139325710    ,human
231709584    ,human
21793251    ,human
523380374    ,human
9269372    ,human
1015657742    ,human
1607241085    ,human
113622749    ,human
16231175    ,human
1851545900    ,human
2290164373    ,human
25415355    ,human
26516576    ,human
728072000000000000    ,human
373495222    ,human
26902613    ,human
1856350404    ,human
480249240    ,human
804029000000000000    ,human
435372214    ,human
48749099    ,human
220195443    ,human
55594587    ,human
17679977    ,human
975139939    ,human
2683430642    ,human
476362131    ,human
25659699    ,human
276360590    ,human
116313517    ,human
68593717    ,human
217017451    ,human
188924568    ,human
21185126    ,human
38577243    ,human
90635543    ,human
1195263056    ,human
21158274    ,human
177941755    ,human
17466140    ,human
62876558    ,human
140446791    ,human
2612293840    ,human
90997089    ,human
223831644    ,human
739293    ,human
93365814    ,human
123470069    ,human
21212604    ,human
2397349010    ,human
91796121    ,human
106929904    ,human
111439649    ,human
55659987    ,human
14418045    ,human
233217936    ,human
1944025602    ,human
15432891    ,human
201718078    ,human
130242231    ,human
82139514    ,human
236158107    ,human
43229821    ,human
77920426    ,human
16967612    ,human
342880502    ,human
18938807    ,human
20546522    ,human
46578464    ,human
14908304    ,human
468655121    ,human
261555366    ,human
14184942    ,human
2355004184    ,human
22503279    ,human
83701293    ,human
66926876    ,human
15245376    ,human
189928814    ,human
80396134    ,human
17343387    ,human
39215566    ,human
2632291    ,human
460982634    ,human
81577367    ,human
21786831    ,human
17846734    ,human
85233317    ,human
788792041    ,human
3299203382    ,human
15257790    ,human
3950165657    ,human
15075999    ,human
46092587    ,human
794376000000000000    ,human
42741058    ,human
1129947853    ,human
446974963    ,human
83805213    ,human
277845835    ,human
194321816    ,human
20942423    ,human
6825792    ,human
15096075    ,human
2478183882    ,human
1619779116    ,human
472966889    ,human
150124379    ,human
624517612    ,human
885003066    ,human
20391646    ,human
268506350    ,human
144972794    ,human
80635411    ,human
26483183    ,human
14346303    ,human
543186638    ,human
2322937225    ,human
17866745    ,human
1189900322    ,human
20499770    ,human
337399038    ,human
90420314    ,human
184910040    ,human
34507480    ,human
813286    ,human
50393960    ,human
155659213    ,human
85603854    ,human
23151437    ,human
25365536    ,human
23083404    ,human
268414482    ,human
19397785    ,human
28706024    ,human
15846407    ,human
16409683    ,human
21111883    ,human
15485441    ,human
26565946    ,human
27260086    ,human
21447363    ,human
14230524    ,human
79293791    ,human
23375688    ,human
44409004    ,human
17919972    ,human
4096069693    ,human
712443000000000000    ,human
2184009647    ,human
815647194    ,human
358233640    ,human
904994826    ,human
181510940    ,human
598813483    ,human
399830372    ,human
2720186326    ,human
1388299412    ,human
2959147470    ,human
71073851    ,human
1420308074    ,human
1655904638    ,human
4155011358    ,human
501337024    ,human
3273557347    ,human
773465515    ,human
1271646481    ,human
123572520    ,human
728040000000000000    ,human
2340955790    ,human
3800348718    ,human
26175726    ,human
292907073    ,human
92074188    ,human
1633538550    ,human
403627397    ,human
729101640    ,human
4855688674    ,human
1129425277    ,human
2897877407    ,human
893663299    ,human
115546295    ,human
2968601413    ,human
580525442    ,human
2241611899    ,human
848662740    ,human
937104758    ,human
537524220    ,human
3202726835    ,human
1668972426    ,human
1018413906    ,human
19468466    ,human
80811447    ,human
303177646    ,human
3299257600    ,human
304768145    ,human
2785960469    ,human
1589902021    ,human
235667666    ,human
870508495    ,human
420219280    ,human
113125130    ,human
451835819    ,human
180577895    ,human
2244999191    ,human
2452137170    ,human
797755586    ,human
1056580334    ,human
544696041    ,human
295230196    ,human
101379497    ,human
34323417    ,human
2928691509    ,human
351331309    ,human
3262143763    ,human
996460902    ,human
26896439    ,human
410805170    ,human
731587116    ,human
250169004    ,human
3820376903    ,human
2159697150    ,human
375135445    ,human
621681015    ,human
2590358492    ,human
2589923834    ,human
243853541    ,human
144147895    ,human
2150773897    ,human
422041940    ,human
268095618    ,human
115202789    ,human
341946933    ,human
214705156    ,human
331989774    ,human
364591869    ,human
126743385    ,human
1576583414    ,human
334417864    ,human
235793053    ,human
608080265    ,human
505615979    ,human
1252587218    ,human
3791723174    ,human
2727195089    ,human
716110000000000000    ,human
2744574160    ,human
4082696954    ,human
1151660538    ,human
1496739522    ,human
604842260    ,human
550610050    ,human
724659744    ,human
2320102094    ,human
248226004    ,human
1252317360    ,human
514928121    ,human
3236431915    ,human
464353156    ,human
2361460850    ,human
2904024759    ,human
387435166    ,human
395725333    ,human
221839043    ,human
42256402    ,human
2258714606    ,human
540777353    ,human
254650064    ,human
820943966    ,human
386934416    ,human
1262399822    ,human
2953272923    ,human
1723234506    ,human
295413356    ,human
264555876    ,human
283087496    ,human
1651619426    ,human
3021896853    ,human
2249271564    ,human
336004914    ,human
2265168248    ,human
2741137937    ,human
447346922    ,human
334102709    ,human
32221027    ,human
1275451704    ,human
1135688252    ,human
3323335206    ,human
921164568    ,human
154957091    ,human
544302445    ,human
1029820639    ,human
837075979    ,human
2203975074    ,human
2474552602    ,human
255827290    ,human
2249273336    ,human
1038703693    ,human
443263099    ,human
351017477    ,human
998243000000000000    ,human
134332085    ,human
1583766667    ,human
162780281    ,human
1764639194    ,human
1869341275    ,human
1289603089    ,human
22393012    ,human
424446461    ,human
624818975    ,human
1961336024    ,human
955529995    ,human
1047710000000000000    ,human
495319948    ,human
97713882    ,human
228186337    ,human
369625532    ,human
3352286357    ,human
95531927    ,human
355303278    ,human
288948026    ,human
2183080705    ,human
859364185    ,human
2423734735    ,human
68638255    ,human
191695567    ,human
1962402919    ,human
303384170    ,human
1708812864    ,human
2425816217    ,human
1213081351    ,human
217437781    ,human
2934009661    ,human
2976581543    ,human
272230000    ,human
749491351    ,human
2550897515    ,human
194218703    ,human
527650146    ,human
242943844    ,human
79103654    ,human
1051021585    ,human
413403853    ,human
33251123    ,human
252196811    ,human
2345889714    ,human
226341562    ,human
388502138    ,human
321420083    ,human
102200239    ,human
2899383706    ,human
501918282    ,human
2200899777    ,human
628982536    ,human
250191109    ,human
1276730142    ,human
1031752122    ,human
312751823    ,human
1383873656    ,human
2590473956    ,human
461918556    ,human
1373388738    ,human
1433367608    ,human
90800950    ,human
100170006    ,human
14215938    ,human
523495375    ,human
499219350    ,human
156016720    ,human
380663119    ,human
418447705    ,human
541170773    ,human
2371478724    ,human
471378714    ,human
542270778    ,human
149714640    ,human
1375647900    ,human
365728243    ,human
628971327    ,human
239018807    ,human
2267737617    ,human
296838123    ,human
577655361    ,human
80424488    ,human
152687658    ,human
2167754641    ,human
723414284    ,human
995937630    ,human
881269350    ,human
239124380    ,human
495433160    ,human
2960573252    ,human
277106086    ,human
434268450    ,human
359767085    ,human
1561973462    ,human
853171243    ,human
2569615681    ,human
2460524737    ,human
481055005    ,human
1445019458    ,human
1461303931    ,human
454119569    ,human
11819862    ,human
579935321    ,human
131279295    ,human
2287569091    ,human
285298203    ,human
412545313    ,human
141014050    ,human
2259804247    ,human
1676542927    ,human
261066475    ,human
206426946    ,human
711613560    ,human
1281280700    ,human
506437283    ,human
222860091    ,human
2616511854    ,human
2267288083    ,human
2824444743    ,human
315895692    ,human
3189798943    ,human
2868926868    ,human
368955430    ,human
2334273458    ,human
14183021    ,human
2438954290    ,human
3262743192    ,human
713184000000000000    ,human
233968474    ,human
58826629    ,human
3686512757    ,human
1219758966    ,human
88779721    ,human
17889250    ,human
1344893804    ,human
61714263    ,human
135938060    ,human
2186735394    ,human
378233374    ,human
1166107502    ,human
1038692990    ,human
429950914    ,human
365814947    ,human
706346715    ,human
75711719    ,human
3289240398    ,human
198963019    ,human
144000388    ,human
348093624    ,human
2250901513    ,human
1854305474    ,human
18440438    ,human
1004073678    ,human
105970552    ,human
147233107    ,human
389416968    ,human
2961704150    ,human
377669856    ,human
2443677496    ,human
69451632    ,human
536997660    ,human
226646643    ,human
2601709129    ,human
3317108412    ,human
1422608701    ,human
2724427200    ,human
232824777    ,human
3075931313    ,human
377662109    ,human
1131598854    ,human
2990728971    ,human
2902617422    ,human
183734266    ,human
228509845    ,human
223534835    ,human
2216593188    ,human
63604508    ,human
424720725    ,human
2480448678    ,human
43768063    ,human
415185577    ,human
87390266    ,human
885179286    ,human
1589451132    ,human
528507656    ,human
332321195    ,human
1040690426    ,human
1579099513    ,human
822815000000000000    ,human
186811328    ,human
2885206563    ,human
28019068    ,human
2806238839    ,human
238364017    ,human
3221217870    ,human
168731366    ,human
225987587    ,human
1368178176    ,human
44440275    ,human
3246552765    ,human
342299986    ,human
14548505    ,human
1548662102    ,human
418187913    ,human
2924946324    ,human
845360000000000000    ,human
3053048142    ,human
115963433    ,human
340470628    ,human
300203017    ,human
1554010706    ,human
247991049    ,human
4925593090    ,human
958880016    ,human
2163553326    ,human
1226530075    ,human
167118683    ,human
579307831    ,human
235741728    ,human
3174505203    ,human
2586195402    ,human
952168021    ,human
2225699838    ,human
378721847    ,human
1473354078    ,human
310441654    ,human
67647998    ,human
3435630622    ,human
2826913680    ,human
2224260354    ,human
51529219    ,human
373706247    ,human
46982118    ,human
547838230    ,human
2727609826    ,human
435355815    ,human
222165923    ,human
2730263771    ,human
498378398    ,human
2260304978    ,human
1471207375    ,human
2912331852    ,human
71319853    ,human
140225642    ,human
363900537    ,human
115607690    ,human
73650794    ,human
32626186    ,human
92525602    ,human
471703396    ,human
2425706237    ,human
3888664280    ,human
2550088538    ,human
526926393    ,human
95883322    ,human
3587775920    ,human
385117198    ,human
621100382    ,human
2768922304    ,human
3304160639    ,human
159084041    ,human
2161115061    ,human
123620874    ,human
131594211    ,human
815841475    ,human
1427819088    ,human
90241355    ,human
128329717    ,human
76943986    ,human
16794201    ,human
114023501    ,human
2337057608    ,human
3066702889    ,human
705936000000000000    ,human
991385000000000000    ,human
2408270840    ,human
1709847242    ,human
146536075    ,human
792375354    ,human
2787157306    ,human
188615551    ,human
70726185    ,human
2953383298    ,human
2994592193    ,human
109755394    ,human
27948995    ,human
1471405406    ,human
1592747288    ,human
8963312    ,human
105554581    ,human
2459378088    ,human
19478383    ,human
391826877    ,human
1160675580    ,human
876064000000000000    ,human
83166727    ,human
288452305    ,human
80413939    ,human
18776017    ,human
558572709    ,human
1076120000000000000    ,human
141711645    ,human
897378000000000000    ,human
223272482    ,human
25688061    ,human
26289923    ,human
231112057    ,human
1652526218    ,human
53106875    ,human
240629853    ,human
77237454    ,human
26525324    ,human
116588052    ,human
232447988    ,human
97537762    ,human
18197498    ,human
43563720    ,human
21771224    ,human
20833944    ,human
3141032242    ,human
106903512    ,human
294198566    ,human
235533717    ,human
47132215    ,human
566680694    ,human
111275676    ,human
757303975    ,human
47964412    ,human
266887195    ,human
36240413    ,human
53975347    ,human
16585310    ,human
763419470    ,human
20566864    ,human
29949435    ,human
42836285    ,human
94466609    ,human
267425142    ,human
343791862    ,human
47650483    ,human
103772491    ,human
23588838    ,human
147032692    ,human
34068984    ,human
268434223    ,human
80094297    ,human
336186680    ,human
21188490    ,human
147020852    ,human
317114365    ,human
1972216999    ,human
33625790    ,human
1027350758    ,human
48336713    ,human
180503626    ,human
81856710    ,human
819685194    ,human
253755500    ,human
1290082680    ,human
378376122    ,human
488011724    ,human
67324742    ,human
16537989    ,human
244441120    ,human
254115362    ,human
298139450    ,human
1364383692    ,human
1577706050    ,human
1329900518    ,human
17936793    ,human
22258315    ,human
968133000000000000    ,human
113317910    ,human
1697531264    ,human
237882441    ,human
62352806    ,human
42102939    ,human
26759984    ,human
2541363451    ,human
304679484    ,human
1396439852    ,human
460655540    ,human
19077044    ,human
2309234977    ,human
113816349    ,human
1024806054    ,human
384331504    ,human
172729719    ,human
2406546896    ,human
185344640    ,human
298048905    ,human
127977420    ,human
27368199    ,human
19708968    ,human
624995677    ,human
413841846    ,human
74838816    ,human
230930518    ,human
509582589    ,human
21247989    ,human
16667262    ,human
82789484    ,human
7259302    ,human
24502450    ,human
14579415    ,human
41421105    ,human
2425410558    ,human
117102398    ,human
110936556    ,human
31641658    ,human
22549812    ,human
171337448    ,human
57083275    ,human
36850898    ,human
24472704    ,human
790136510    ,human
65773523    ,human
19564719    ,human
116611790    ,human
135236273    ,human
108196938    ,human
161452925    ,human
70179948    ,human
22885574    ,human
19272244    ,human
72047325    ,human
123580195    ,human
43298203    ,human
149448967    ,human
31404917    ,human
217749896    ,human
14502233    ,human
66643428    ,human
50687788    ,human
25382962    ,human
20641995    ,human
295594406    ,human
71783170    ,human
184004752    ,human
330432644    ,human
153810519    ,human
1924076820    ,human
58560480    ,human
46440103    ,human
97893963    ,human
59199168    ,human
128799124    ,human
58432995    ,human
63677189    ,human
224916991    ,human
192611378    ,human
189248614    ,human
849259000000000000    ,human
4532891    ,human
23508439    ,human
777983107    ,human
387720865    ,human
15248067    ,human
456361810    ,human
403357870    ,human
78723428    ,human
14222518    ,human
862885000000000000    ,human
116325068    ,human
21255978    ,human
92140604    ,human
272570677    ,human
135416747    ,human
1293031512    ,human
538285556    ,human
476621523    ,human
397493417    ,human
94805910    ,human
33612908    ,human
298199741    ,human
55631242    ,human
54260419    ,human
18783665    ,human
463777608    ,human
111615736    ,human
164345318    ,human
127683262    ,human
239938617    ,human
18633022    ,human
132830366    ,human
22610091    ,human
101825544    ,human
488512845    ,human
131943480    ,human
38652395    ,human
14423603    ,human
107930490    ,human
146710910    ,human
23645599    ,human
76070341    ,human
1968633367    ,human
225445834    ,human
14149932    ,human
467634392    ,human
19263978    ,human
114484253    ,human
19394186    ,human
105710210    ,human
73954053    ,human
69168087    ,human
162173169    ,human
552725164    ,human
1322467172    ,human
96322637    ,human
106397073    ,human
1209342523    ,human
130934881    ,human
76266622    ,human
50627014    ,human
219294551    ,human
184647530    ,human
16203586    ,human
100288793    ,human
150395278    ,human
94132246    ,human
2218886514    ,human
15308443    ,human
385539815    ,human
194394147    ,human
242796587    ,human
182646320    ,human
177581534    ,human
334921284    ,human
33705457    ,human
174243123    ,human
166026159    ,human
34867057    ,human
24993400    ,human
265014120    ,human
37494271    ,human
183052795    ,human
39091293    ,human
20003448    ,human
236942183    ,human
19621110    ,human
31285982    ,human
96448406    ,human
613508372    ,human
106485105    ,human
1316055120    ,human
391432644    ,human
14166096    ,human
628267790    ,human
193896993    ,human
20521828    ,human
904507000000000000    ,human
373024213    ,human
84195118    ,human
221394758    ,human
263710865    ,human
62100113    ,human
262749118    ,human
